candle_begin_time_GMT8,open,high,low,close,volume,quote_volume,num,initiative_vol,initiative_quote_vol
2021-12-16 04:25:00,542.8,546.6,541.5,546.2,24948.822999999997,13587047.5737,15351.0,13621.715,7418463.465500001
2021-12-16 04:40:00,546.0,546.7,541.5,545.3,22009.599,11984931.5447,12432.0,10615.786,5781013.4321
2021-12-16 04:55:00,545.3,546.5,543.4,544.6,11299.787,6156198.3285,8413.0,5342.2249999999985,2910862.7180000003
2021-12-16 05:10:00,544.5,545.1,541.7,542.3,12508.061000000002,6797117.1461,8105.0,5636.422000000001,3063093.0309
2021-12-16 05:25:00,542.3,545.7,542.2,543.0,10896.466,5927144.4594,7243.0,5142.8,2797093.5094
2021-12-16 05:40:00,543.1,543.8,541.4,542.5,6893.429,3740340.7625,5886.0,3090.14,1676659.6735
2021-12-16 05:55:00,542.4,544.2,542.0,542.5,7302.661,3966613.4752,5894.0,4220.297000000001,2292494.4467
2021-12-16 06:10:00,542.5,542.8,538.1,538.6,9153.083,4945496.753799999,8185.0,3933.969,2125690.2180000003
2021-12-16 06:25:00,538.7,539.3,538.0,538.3,6469.785,3483896.6845000004,5854.0,3092.199,1665365.6814
2021-12-16 06:40:00,538.3,539.1,537.1,537.4,6760.266000000001,3637427.4752,5820.0,3426.5869999999995,1843777.1147
2021-12-16 06:55:00,537.3,540.0,536.4,538.9,8647.274,4655886.8818,6874.0,4706.039000000001,2533822.663
2021-12-16 07:10:00,538.9,540.0,538.1,538.2,4025.85,2170525.6325,4308.0,2190.152,1180836.7664
2021-12-16 07:25:00,538.3,539.7,537.8,538.5,5724.516,3084016.3018,4562.0,3125.315,1683548.5657
2021-12-16 07:40:00,538.4,541.8,537.8,541.0,8239.874,4447776.0767,5810.0,4573.91,2469264.8615
2021-12-16 07:55:00,541.1,541.9,539.4,539.6,8283.743,4480698.7287,6068.0,4232.797000000001,2289458.246
2021-12-16 08:10:00,539.5,542.9,539.4,542.2,7541.8769999999995,4083717.7658,5535.0,4057.662,2197152.9389
2021-12-16 08:25:00,542.2,542.5,540.6,542.4,6387.132,3458672.4977,4961.0,2921.829,1582394.1337
2021-12-16 08:40:00,542.3,544.9,541.8,542.8,8517.929,4629183.1503,6017.0,4851.564,2636973.3378
2021-12-16 08:55:00,542.8,542.9,540.1,540.5,7588.215,4109956.2394,5826.0,3683.373,1995164.157
2021-12-16 09:10:00,540.5,540.7,537.8,539.2,8601.326,4636074.943600001,5844.0,3656.803,1970706.518
2021-12-16 09:25:00,539.2,540.0,537.1,539.1,9821.545,5289208.745200002,5703.0,4954.221,2668245.7254
2021-12-16 09:40:00,539.0,539.2,537.9,538.0,4268.35,2298816.7059,3814.0,2072.474,1116189.5237
2021-12-16 09:55:00,538.1,539.4,537.8,537.8,5728.365,3086306.5059,4570.0,3165.752,1705752.3616
2021-12-16 10:10:00,537.9,538.4,535.1,535.6,8726.681,4681590.9665,6085.0,4301.853,2307554.7112
2021-12-16 10:25:00,535.6,536.3,535.3,535.9,7190.2260000000015,3852655.1249,4835.0,3727.3790000000004,1997228.124
2021-12-16 10:40:00,535.9,539.4,535.6,536.5,8016.059,4303809.7296,4661.0,5049.642,2711823.5302
2021-12-16 10:55:00,536.4,537.0,535.8,536.0,4709.017000000002,2526054.4695,3807.0,2352.0229999999997,1261799.2046
2021-12-16 11:10:00,536.0,536.1,533.8,535.0,6709.633999999999,3588804.0584,4894.0,2974.667000000001,1591131.4825
2021-12-16 11:25:00,535.1,535.3,532.7,533.1,6516.859,3478894.1862,4693.0,3153.338,1683164.824
2021-12-16 11:40:00,533.0,533.7,532.3,533.2,5364.795,2859011.6679,3801.0,2870.54,1529820.961
2021-12-16 11:55:00,533.3,535.4,533.0,533.8,5423.603,2898011.0974,4349.0,2862.41,1529307.5296999996
2021-12-16 12:10:00,533.7,533.9,530.3,530.8,6467.538000000001,3438304.8789999997,5180.0,2282.335,1213353.3990000002
2021-12-16 12:25:00,530.8,533.0,530.3,531.1,4663.7530000000015,2480186.5464,4004.0,2626.131,1396584.4425
2021-12-16 12:40:00,531.1,532.3,530.9,531.6,5118.598,2720979.9981000004,3714.0,2653.18,1410448.1479
2021-12-16 12:55:00,531.5,532.7,530.7,531.2,6162.422000000001,3276004.6277,4585.0,2908.417,1546163.9444999998
2021-12-16 13:10:00,531.2,532.7,531.1,531.7,3348.6690000000003,1780834.5507,3371.0,1662.726,884267.6505999998
2021-12-16 13:25:00,531.7,534.3,531.4,531.8,8022.589,4274008.6096,4960.0,4369.651,2328013.5733
2021-12-16 13:40:00,531.9,532.6,530.6,530.7,4910.524,2609450.4878,3947.0,2322.202,1234088.2296
2021-12-16 13:55:00,530.6,531.0,528.6,529.1,6309.021000000002,3341550.2589,5983.0,2878.6809999999996,1524679.6572
2021-12-16 14:10:00,529.1,531.8,528.7,531.1,7566.154,4011600.652,5881.0,4328.829000000001,2295379.1437
2021-12-16 14:25:00,531.0,532.2,530.4,531.8,4226.102,2245180.4916000003,3681.0,2169.721,1152831.7333
2021-12-16 14:40:00,531.8,533.9,531.6,533.2,4304.258,2293171.0273,4150.0,2020.743,1076583.9583
2021-12-16 14:55:00,533.2,536.6,533.0,535.6,8871.851,4748437.3583,6639.0,4614.571,2469915.4953
2021-12-16 15:10:00,535.7,536.0,534.0,534.6,6632.299999999998,3549015.0805,5445.0,3243.04,1735535.1696
2021-12-16 15:25:00,534.5,536.5,534.4,534.6,6066.698,3248474.8312,5186.0,3225.0080000000007,1727079.2535
2021-12-16 15:40:00,534.6,535.3,531.3,531.8,9301.714,4962019.5366,6875.0,4311.4760000000015,2299911.1931000003
2021-12-16 15:55:00,531.8,533.4,531.2,532.8,8155.126,4341120.6458,5538.0,3807.1820000000002,2026771.5007
2021-12-16 16:10:00,532.8,533.5,531.3,532.8,7280.916999999998,3877512.7765,5586.0,3639.133,1937965.6419
2021-12-16 16:25:00,532.7,534.4,531.8,533.8,9310.629,4962668.6107,5264.0,5261.763000000001,2804285.0312
2021-12-16 16:40:00,533.8,535.6,533.4,534.0,5841.318,3122114.208,4602.0,3221.1240000000003,1721660.1997000002
2021-12-16 16:55:00,533.9,535.1,533.5,534.2,3801.3,2030781.0006,3997.0,1916.736,1023995.0999
2021-12-16 17:10:00,534.1,535.3,533.6,534.3,4619.0740000000005,2468894.2352,4674.0,2242.3050000000007,1198695.2368
2021-12-16 17:25:00,534.2,536.5,534.2,536.4,5516.727000000001,2953714.4051,4980.0,2836.925,1518883.7491
2021-12-16 17:40:00,536.4,537.7,536.4,537.2,6234.5509999999995,3348664.9426000006,5605.0,3188.216,1712453.2426000002
2021-12-16 17:55:00,537.2,539.8,536.9,539.5,9516.351,5123112.901699998,6661.0,5097.33,2744229.4529
2021-12-16 18:10:00,539.5,540.5,537.5,537.6,10554.013,5691461.0926,7551.0,5011.163000000001,2702486.6212
2021-12-16 18:25:00,537.6,539.5,537.5,539.0,5932.092,3193663.7915,4818.0,3351.143,1804294.0605
2021-12-16 18:40:00,539.1,539.9,538.2,539.3,5350.419,2883970.1294,4861.0,2572.226,1386535.785
2021-12-16 18:55:00,539.2,540.4,537.5,537.6,7865.09,4241747.2171,6311.0,3653.94,1971044.4826
2021-12-16 19:10:00,537.5,539.0,537.1,538.6,7218.173000000001,3883393.1747,6085.0,3659.954,1969219.8749
2021-12-16 19:25:00,538.6,541.8,538.5,541.4,7702.0419999999995,4160664.7035,6536.0,4577.58,2472728.1511
2021-12-16 19:40:00,541.5,545.3,541.4,544.1,16913.826,9197957.6994,11634.0,9162.078,4982688.264699998
2021-12-16 19:55:00,544.1,544.4,542.3,543.0,12507.284,6794612.1543,8584.0,6078.674000000001,3302427.4544
2021-12-16 20:10:00,543.1,543.7,541.5,543.3,8731.353000000001,4738291.1867,6625.0,4398.021,2386755.7996
2021-12-16 20:25:00,543.3,543.5,541.9,542.2,7499.3899999999985,4069852.7503,5909.0,3628.668000000001,1969233.5441
2021-12-16 20:40:00,542.3,542.3,536.2,536.8,17408.057,9372177.2412,11322.0,7563.047,4072409.0575
2021-12-16 20:55:00,536.8,538.0,533.8,534.1,9956.575,5339515.04,7982.0,4766.808000000001,2556450.4843999995
2021-12-16 21:10:00,534.1,538.5,533.4,537.9,10031.881,5373166.312000001,7328.0,5074.557000000002,2718634.8487
2021-12-16 21:25:00,537.9,539.6,536.7,537.8,8509.306,4581525.7298,6479.0,4459.907999999999,2401428.1464
2021-12-16 21:40:00,537.8,545.1,536.7,542.3,24641.644,13338489.7716,10719.0,10988.052,5942194.6366
2021-12-16 21:55:00,542.3,543.6,540.0,541.4,9410.961,5098616.1355,6791.0,5076.321,2749752.4113
2021-12-16 22:10:00,541.5,542.1,539.3,540.9,8357.898000000001,4518727.2269,6262.0,3920.304,2119577.7963
2021-12-16 22:25:00,541.0,542.6,539.6,540.4,9668.287,5230026.4222,6095.0,4711.683,2548894.7476
2021-12-16 22:40:00,540.4,541.6,539.9,540.7,7650.361,4136194.885,5480.0,4199.246,2270506.7118
2021-12-16 22:55:00,540.8,540.8,535.7,537.1,13476.071999999998,7244498.043599999,8891.0,5885.6100000000015,3163887.8173
2021-12-16 23:10:00,537.1,538.7,536.9,538.1,8282.255000000001,4455165.8061,5805.0,4177.284000000001,2247246.5261
2021-12-16 23:25:00,538.2,540.8,538.1,539.2,8319.358,4489499.8038,6294.0,4389.916,2369098.4979
2021-12-16 23:40:00,539.3,541.1,538.0,539.5,8432.974,4549915.9223,6451.0,4451.736,2402001.9228
2021-12-16 23:55:00,539.4,541.1,538.1,540.2,15723.306999999999,8491116.4703,8955.0,6919.821999999999,3736649.9817
2021-12-17 00:10:00,540.2,540.9,538.7,540.3,7920.701999999998,4276959.9483,6849.0,4129.362,2230040.6561000003
2021-12-17 00:25:00,540.2,540.9,539.0,539.1,6705.85,3621610.3515,6168.0,3138.184,1694981.8502999996
2021-12-17 00:40:00,539.1,543.2,537.7,542.6,13598.486,7351925.24,9281.0,6399.683000000001,3459775.1062000007
2021-12-17 00:55:00,542.5,543.2,538.7,538.9,8599.833999999999,4652760.8236,7639.0,4180.963,2263174.3926
2021-12-17 01:10:00,539.0,540.4,538.7,539.3,6668.616,3598671.5159,6318.0,3322.318,1792939.6667
2021-12-17 01:25:00,539.3,539.4,537.3,537.7,8189.706,4408268.5461,6270.0,3951.038,2126956.4527
2021-12-17 01:40:00,537.8,538.6,537.1,538.4,5375.132,2890814.7554,5287.0,2710.5440000000003,1457745.0612
2021-12-17 01:55:00,538.3,539.0,537.2,539.0,5806.4,3124787.629,5434.0,2918.1710000000007,1570545.5984
2021-12-17 02:10:00,539.0,539.9,538.4,539.1,4555.432000000002,2455808.299,4643.0,2302.73,1241466.5144
2021-12-17 02:25:00,539.2,539.4,534.5,535.9,8497.530999999999,4560361.2719,6746.0,3936.941,2113181.1784
2021-12-17 02:40:00,535.9,536.3,534.1,534.9,6679.462,3574120.1439999994,5976.0,3413.9,1826943.1919999998
2021-12-17 02:55:00,534.9,537.9,534.7,535.9,7330.3899999999985,3930170.7437,5873.0,4127.869000000001,2212925.2762
2021-12-17 03:10:00,536.0,536.0,532.5,532.8,6263.885,3344601.7284,6047.0,2743.605,1465007.1253
2021-12-17 03:25:00,532.8,533.5,531.6,533.4,6402.536999999999,3409548.9326000004,6223.0,3135.2989999999995,1669885.7443
2021-12-17 03:40:00,533.4,533.7,530.3,530.5,6499.972,3454834.8125,6327.0,2663.527,1416063.9623
2021-12-17 03:55:00,530.6,533.0,529.6,532.2,8447.089,4485258.5393,7381.0,3887.1929999999998,2064991.0221
2021-12-17 04:10:00,532.2,534.7,531.2,534.4,5207.4490000000005,2777038.5861,4815.0,2462.695,1313133.8513000002
2021-12-17 04:25:00,534.5,536.4,534.0,535.9,8165.365,4372574.8926,6238.0,4406.5120000000015,2359684.9261
2021-12-17 04:40:00,535.9,536.3,533.5,534.2,5049.325,2700601.9431,4841.0,2421.9210000000007,1295361.5885
2021-12-17 04:55:00,534.1,535.2,532.5,535.2,4114.925,2197012.6947,4259.0,2182.135,1165155.6401
2021-12-17 05:10:00,535.2,535.2,533.1,535.0,3332.512,1780304.4572,3704.0,1664.649,889291.2912
2021-12-17 05:25:00,534.9,535.5,534.3,534.9,3527.6409999999996,1886731.9966,3742.0,1704.257,911483.3775
2021-12-17 05:40:00,534.8,535.2,534.0,534.8,3840.9559999999997,2053319.4913,3844.0,1739.17,929698.4104
2021-12-17 05:55:00,534.8,535.0,527.5,527.7,18020.822,9576498.3587,10486.0,9072.985999999999,4826976.2128
2021-12-17 06:10:00,527.7,531.8,527.4,530.9,6116.732,3244458.3394000004,6099.0,3271.344,1735409.743
2021-12-17 06:25:00,530.9,533.2,530.4,533.1,4143.906,2202759.4674,4879.0,1904.044,1012413.1479
2021-12-17 06:40:00,533.1,534.1,532.5,533.0,3437.357,1833430.6706,4268.0,1872.941,999020.7246
2021-12-17 06:55:00,533.0,534.5,530.3,531.3,7418.066999999999,3947913.3357000006,5838.0,3929.7540000000004,2091826.4535
2021-12-17 07:10:00,531.3,532.0,529.5,530.2,5231.262,2776341.0107,4346.0,2799.2490000000003,1485497.4340000001
2021-12-17 07:25:00,530.2,530.6,525.7,527.7,10679.425,5636453.7351,7234.0,5010.476,2644465.6676000003
2021-12-17 07:40:00,527.7,527.9,525.1,526.0,8192.814,4312445.2435,5263.0,4262.264,2243631.6025
2021-12-17 07:55:00,526.0,528.1,523.8,527.7,12407.339,6525167.026699998,8131.0,4850.4850000000015,2551243.3196
2021-12-17 08:10:00,527.8,529.1,526.4,527.0,6254.038000000001,3302455.3625,4786.0,3223.963,1702446.9706
2021-12-17 08:25:00,527.0,529.9,526.4,529.7,4888.130999999999,2582468.3544,4106.0,2564.062,1354427.2319999998
2021-12-17 08:40:00,529.7,531.4,529.5,531.2,7012.219999999998,3718779.0349,4796.0,4042.547,2143853.1580000003
2021-12-17 08:55:00,531.1,531.5,529.6,531.5,4254.75,2257314.08,3735.0,1923.384,1020446.3789
2021-12-17 09:10:00,531.4,532.5,531.0,531.6,5439.280000000002,2892438.3706,4353.0,2991.9440000000004,1591028.6711999997
2021-12-17 09:25:00,531.5,531.6,529.2,529.9,4009.032,2126143.0067,4097.0,2121.329,1125086.1536
2021-12-17 09:40:00,529.8,531.1,528.8,530.1,3808.631,2018017.0543,3791.0,1928.46,1021754.192
2021-12-17 09:55:00,530.1,532.0,529.5,530.3,5453.043000000001,2893719.0144,4494.0,2697.452,1431601.1665
2021-12-17 10:10:00,530.2,530.3,528.2,529.5,4288.822,2269415.5671,3739.0,2108.7329999999997,1115676.872
2021-12-17 10:25:00,529.5,530.7,529.1,530.4,3952.792,2094868.9113,3255.0,1851.943,981468.2576
2021-12-17 10:40:00,530.4,532.1,530.0,532.0,4828.1370000000015,2564670.9041,3914.0,2321.096,1232927.2932000002
2021-12-17 10:55:00,531.9,532.3,530.0,530.8,3970.9109999999996,2109546.0262,3919.0,1870.977,993914.5701
2021-12-17 11:10:00,530.9,531.1,529.1,529.7,3808.742,2019373.821,3668.0,1765.775,936171.6658
2021-12-17 11:25:00,529.7,531.6,529.7,531.3,5499.934,2918895.796,3965.0,2588.664,1373968.0963
2021-12-17 11:40:00,531.3,532.0,530.9,532.0,3983.013,2117325.2162,3339.0,2179.351,1158618.2289
2021-12-17 11:55:00,532.0,533.7,530.9,533.5,5581.933000000001,2972138.8196,4861.0,2790.401,1485753.9431
2021-12-17 12:10:00,533.5,533.8,531.7,532.1,4008.543,2136399.9777,4620.0,2025.4189999999999,1079619.9963
2021-12-17 12:25:00,532.1,533.4,531.4,533.2,3929.2990000000004,2091511.463,3476.0,2019.467,1075033.5198
2021-12-17 12:40:00,533.3,533.9,532.9,533.2,3595.039000000001,1917687.201,3335.0,1734.558,925258.7365
2021-12-17 12:55:00,533.2,534.2,532.0,532.3,3874.184,2065422.8567,3740.0,1859.214,991204.1192
2021-12-17 13:10:00,532.2,533.4,530.4,530.7,5811.181000000001,3091646.6135,4156.0,2823.3979999999997,1502430.7052
2021-12-17 13:25:00,530.8,532.5,529.8,530.2,7029.3780000000015,3733523.0129,4817.0,3412.6609999999996,1812710.0107
2021-12-17 13:40:00,530.2,531.4,529.1,531.3,4054.74,2149507.074,3841.0,2098.219,1112329.5126999998
2021-12-17 13:55:00,531.3,532.4,530.9,531.9,4888.84,2599353.669,4175.0,2339.262,1243794.5568
2021-12-17 14:10:00,531.9,532.1,529.7,531.2,4669.063,2478195.5636,4252.0,2086.521,1107516.713
2021-12-17 14:25:00,531.1,532.0,530.2,530.9,7511.424999999998,3991737.5236,4482.0,4477.611,2380163.2639
2021-12-17 14:40:00,530.8,531.5,529.1,529.7,4241.194,2249132.4847,4136.0,2036.4620000000002,1080121.1151
2021-12-17 14:55:00,529.6,530.0,522.7,524.7,18004.817000000006,9471904.002,10579.0,6743.182999999999,3549112.2661999995
2021-12-17 15:10:00,524.7,525.6,521.9,525.1,10571.568000000001,5537736.7244,7811.0,5418.1129999999985,2838624.7241
2021-12-17 15:25:00,525.2,525.2,522.7,523.6,8404.164,4401406.6004,5692.0,3767.69,1973253.6051
2021-12-17 15:40:00,523.7,524.4,520.9,524.0,7243.661,3786888.152,6258.0,3496.103,1827792.3572
2021-12-17 15:55:00,524.0,527.6,523.8,527.3,15098.286,7940488.244799999,7948.0,7731.454000000001,4065828.6854
2021-12-17 16:10:00,527.3,528.4,525.5,528.3,13967.986,7357918.9924,6417.0,5359.401999999999,2823657.4841
2021-12-17 16:25:00,528.3,531.0,527.5,530.4,9636.364,5103719.5486,6288.0,5020.965999999999,2659242.3741
2021-12-17 16:40:00,530.3,531.0,528.7,529.7,5844.175,3096995.2827,4463.0,2990.823,1584909.7582
2021-12-17 16:55:00,529.7,530.2,526.7,527.1,10525.476,5562357.9735,5631.0,5386.858,2846633.5168
2021-12-17 17:10:00,527.1,529.6,525.5,529.5,6709.170999999999,3537387.1339,5211.0,3386.716,1785477.8331
2021-12-17 17:25:00,529.5,529.7,527.8,528.8,4234.9479999999985,2239401.1452,4317.0,2178.759,1152108.3997
2021-12-17 17:40:00,528.7,529.8,527.7,529.7,5470.7390000000005,2893685.6402000007,4455.0,2640.905,1396717.9837000002
2021-12-17 17:55:00,529.7,531.1,528.6,529.2,10298.207,5458027.8487,6303.0,4542.484,2407399.9517
2021-12-17 18:10:00,529.2,530.3,526.6,527.2,8764.648000000001,4634368.9396,6487.0,4369.085,2310583.2759
2021-12-17 18:25:00,527.2,528.8,525.3,528.7,10844.883999999998,5717491.5509,7247.0,5284.285,2786377.0372
2021-12-17 18:40:00,528.7,530.2,527.8,528.0,7105.960999999998,3758350.8585,5539.0,3583.958,1895622.5667
2021-12-17 18:55:00,528.0,529.6,526.6,529.6,13750.481000000002,7259795.6537,8062.0,6465.672000000001,3413553.5385
2021-12-17 19:10:00,529.6,529.9,527.4,528.0,8187.710000000001,4326461.8006,6241.0,4477.601,2365960.6298
2021-12-17 19:25:00,527.9,531.1,526.7,527.9,15226.532,8047857.1731,8031.0,9039.487,4778352.6812
2021-12-17 19:40:00,527.8,528.3,524.3,525.1,15161.206,7975076.765500002,8169.0,9117.225,4796086.0726
2021-12-17 19:55:00,525.1,527.0,524.4,524.6,8548.625,4494794.7205,6297.0,4173.277,2194490.7903
2021-12-17 20:10:00,524.6,528.7,523.0,528.7,12770.051000000001,6713214.1259,8590.0,7966.865,4188576.4586
2021-12-17 20:25:00,528.7,528.8,526.8,527.2,6463.025,3409675.8697,6094.0,3304.4040000000005,1743386.3083
2021-12-17 20:40:00,527.1,528.3,526.0,526.6,8276.068000000001,4360989.631700002,6914.0,4279.648,2254965.5928
2021-12-17 20:55:00,526.6,529.0,526.3,527.4,7384.939,3897775.0961,7014.0,3933.055,2076013.3661
2021-12-17 21:10:00,527.4,529.4,526.3,528.9,9432.475,4979891.7589,8145.0,4965.938,2621883.0329
2021-12-17 21:25:00,528.8,533.2,528.7,531.8,13674.405,7261927.4638,10596.0,6961.284000000001,3696406.6466
2021-12-17 21:40:00,531.7,532.2,530.0,530.1,19742.108,10494326.6731,10531.0,9274.164,4929857.9526
2021-12-17 21:55:00,530.0,535.8,525.9,528.0,33059.321,17554016.0294,18638.0,15410.535,8185377.4253
2021-12-17 22:10:00,528.0,529.9,525.0,526.6,14970.72,7890390.3552,9951.0,6966.245000000001,3671594.5366
2021-12-17 22:25:00,526.5,527.4,516.7,518.1,30673.048,15976082.4694,18081.0,13575.405,7074447.9714
2021-12-17 22:40:00,518.2,519.4,511.1,515.3,46511.152,23970167.6397,23220.0,21118.842999999997,10886278.2358
2021-12-17 22:55:00,515.3,515.6,511.2,514.2,28609.592999999997,14692188.5222,14355.0,14414.418,7402626.8828
2021-12-17 23:10:00,514.3,515.5,511.0,514.1,20288.261000000002,10415221.3611,11131.0,9524.071,4889894.372400002
2021-12-17 23:25:00,514.2,524.7,514.1,523.4,26695.122000000007,13882607.9769,15697.0,14353.737,7463606.8662
2021-12-17 23:40:00,523.4,525.3,521.0,524.7,20488.04,10722570.1611,11009.0,10642.638,5570025.7323
2021-12-17 23:55:00,524.6,527.7,523.0,525.1,19773.643,10390962.9146,11818.0,10053.004,5282953.1828
2021-12-18 00:10:00,525.0,529.5,525.0,528.4,15350.643,8109726.022999999,10003.0,7930.455,4189247.5231
2021-12-18 00:25:00,528.4,534.7,527.3,530.8,29572.797999999995,15727532.6795,16389.0,16191.185,8609592.145200001
2021-12-18 00:40:00,530.8,531.0,525.9,526.3,16123.895,8509971.5067,8711.0,7794.628000000001,4114017.2071
2021-12-18 00:55:00,526.2,528.8,524.7,526.3,11074.032,5832271.556,8264.0,5432.455,2860966.5267000007
2021-12-18 01:10:00,526.3,527.1,523.4,523.5,6825.2170000000015,3586626.6636,6143.0,3361.1929999999998,1766344.1294
2021-12-18 01:25:00,523.4,525.1,522.4,523.3,6715.146000000002,3515981.4389,6173.0,3215.937,1684111.1268
2021-12-18 01:40:00,523.3,524.0,521.3,522.3,8020.608,4190740.7998,5948.0,3744.145,1956532.5175
2021-12-18 01:55:00,522.3,524.4,521.7,523.5,5945.139,3110942.0336,5503.0,2896.244,1515525.5195
2021-12-18 02:10:00,523.6,524.4,522.1,522.7,4618.988,2416104.1175,4916.0,2152.758,1125981.4756999998
2021-12-18 02:25:00,522.7,524.0,522.4,523.1,4645.797000000001,2431526.6644,4491.0,2220.328,1162053.4175999998
2021-12-18 02:40:00,523.0,525.6,522.6,524.6,6405.984,3357956.3411,5226.0,3095.3390000000004,1622640.8668
2021-12-18 02:55:00,524.6,528.5,524.4,526.9,9576.919,5045898.528899998,6719.0,4676.448,2463660.2467
2021-12-18 03:10:00,527.0,528.0,526.5,527.1,5739.772,3026323.2873,4383.0,2864.0040000000004,1510196.1267999997
2021-12-18 03:25:00,527.2,527.2,524.3,525.0,4905.754,2578454.0032,4714.0,2699.16,1418800.4564
2021-12-18 03:40:00,524.9,526.7,524.5,525.0,3776.428,1984659.7397,4123.0,2178.866,1145246.6115
2021-12-18 03:55:00,525.0,528.1,524.9,527.6,6523.648,3435764.5959,5238.0,3539.046,1863742.0407
2021-12-18 04:10:00,527.6,527.9,523.8,525.6,4988.655,2622131.4258,4875.0,2310.781,1214942.6707
2021-12-18 04:25:00,525.6,525.9,522.0,524.1,7130.029,3730960.2794,5549.0,3250.9959999999996,1701309.3042
2021-12-18 04:40:00,524.1,524.2,522.1,523.8,6686.321,3496813.5142,4667.0,3012.7309999999998,1575520.9495
2021-12-18 04:55:00,523.9,524.9,521.6,524.5,4892.307,2559863.5253,4490.0,2623.4359999999997,1372921.0031
2021-12-18 05:10:00,524.6,527.3,523.8,525.9,6062.959,3187639.1263999995,5255.0,2877.9390000000003,1513122.0771
2021-12-18 05:25:00,526.0,530.3,525.0,529.9,9071.862,4785576.069,6179.0,5051.031,2664820.307
2021-12-18 05:40:00,529.8,530.0,527.3,528.5,7087.973000000001,3748434.6894000005,5352.0,3952.486,2090344.493
2021-12-18 05:55:00,528.4,528.7,523.2,525.2,10868.841,5719008.021100001,7058.0,4476.13,2355789.3239
2021-12-18 06:10:00,525.1,525.5,518.8,521.0,11990.053999999998,6255125.9699,10069.0,5340.041,2785895.8211000003
2021-12-18 06:25:00,521.0,525.7,520.9,524.7,5810.460000000001,3043427.0445,6779.0,3187.533000000001,1669561.2995
2021-12-18 06:40:00,524.7,527.4,522.8,526.7,6135.81,3226289.0107,5004.0,2902.6800000000007,1526182.9263
2021-12-18 06:55:00,526.8,529.0,525.9,527.3,7044.236999999999,3714830.5879,5308.0,3813.958,2011425.0868
2021-12-18 07:10:00,527.3,528.0,526.1,526.7,3620.484,1908415.5205,3590.0,1845.399,972752.0639
2021-12-18 07:25:00,526.6,527.8,524.8,527.8,4876.356,2566081.2927,4309.0,2426.955,1277233.2064
2021-12-18 07:40:00,527.8,528.3,525.3,526.5,4866.156,2564768.1257,4022.0,2357.586,1242748.8471
2021-12-18 07:55:00,526.4,527.7,522.4,522.5,9580.977,5036360.6464,6357.0,4703.083000000001,2471837.4067
2021-12-18 08:10:00,522.5,523.9,520.3,521.1,11583.058,6045201.7325,6419.0,6314.578,3295655.6419
2021-12-18 08:25:00,521.0,524.9,519.5,523.5,14878.111,7774836.363,6805.0,6889.138999999999,3598681.5855
2021-12-18 08:40:00,523.6,526.4,523.5,525.6,5822.645,3058799.5776,4242.0,2957.4930000000004,1553691.503
2021-12-18 08:55:00,525.6,529.0,524.7,525.5,13450.521,7092347.5736,6531.0,5611.293000000001,2956795.9438
2021-12-18 09:10:00,525.5,525.8,520.7,520.9,11213.025,5864008.2791,6350.0,5448.727,2849368.2283
2021-12-18 09:25:00,520.8,522.8,519.6,522.4,10598.85,5522278.1873,5630.0,4726.638,2462572.351
2021-12-18 09:40:00,522.4,523.8,519.5,520.1,6946.478,3624430.9329,4507.0,3457.583,1803742.6917
2021-12-18 09:55:00,520.0,520.9,515.0,519.9,16095.829000000002,8343482.283600002,8807.0,7043.6269999999995,3652922.3695
2021-12-18 10:10:00,520.0,523.0,519.5,521.8,10130.271,5279815.240499998,5301.0,4844.139,2525000.2693
2021-12-18 10:25:00,521.9,522.8,519.6,522.1,4887.5329999999985,2549454.3417,3800.0,2631.966,1372760.5361
2021-12-18 10:40:00,522.1,523.3,518.3,519.1,6665.1269999999995,3471541.691,4180.0,3485.415,1815045.4098
2021-12-18 10:55:00,519.1,521.4,518.3,520.9,5938.203,3087775.9211,3706.0,2788.083,1449683.3488
2021-12-18 11:10:00,520.8,522.5,520.5,520.6,5708.569,2977646.7417,3528.0,3380.725,1763713.8142
2021-12-18 11:25:00,520.7,527.9,520.4,527.2,13076.069,6860990.376,7132.0,7270.34,3814660.8471
2021-12-18 11:40:00,527.2,527.3,524.7,525.5,8460.804,4450022.0981,4816.0,4549.736,2392837.6496
2021-12-18 11:55:00,525.5,525.7,522.6,523.0,6767.35,3546856.8901,4164.0,3360.866,1761113.9644
2021-12-18 12:10:00,523.0,525.9,522.7,524.8,4690.912,2460460.7974,3148.0,2427.6839999999997,1273350.97
2021-12-18 12:25:00,524.8,525.5,523.3,525.1,4307.598,2259198.0555,3018.0,2040.1589999999999,1070104.8391999998
2021-12-18 12:40:00,525.1,527.4,524.9,527.0,7241.398,3813444.8041,3575.0,4518.779,2379586.2551
2021-12-18 12:55:00,527.0,527.4,524.9,526.9,6535.795999999999,3439812.8886,3715.0,2551.539,1342943.5102
2021-12-18 13:10:00,526.9,528.6,526.8,528.0,8062.183000000001,4253999.535700001,4151.0,4142.802,2185870.4438
2021-12-18 13:25:00,527.9,529.3,527.4,528.5,7812.808000000001,4129653.0118,4792.0,4230.355000000001,2235951.0183
2021-12-18 13:40:00,528.5,529.5,526.8,527.3,6294.620999999999,3327036.5171,4355.0,3563.284,1883403.2115
2021-12-18 13:55:00,527.3,528.7,525.4,527.9,10136.437,5337991.5645,4866.0,5850.026999999999,3080104.9658
2021-12-18 14:10:00,527.9,528.3,525.2,526.0,3698.187,1947243.986,3334.0,1955.209,1029491.6027
2021-12-18 14:25:00,525.9,526.4,524.9,525.8,3451.896,1814146.8734,3482.0,1595.306,838438.0634000001
2021-12-18 14:40:00,525.8,525.8,523.8,524.6,3311.402,1736783.8611,3218.0,1668.8870000000002,875349.6307999998
2021-12-18 14:55:00,524.7,526.0,523.8,524.9,6463.597000000002,3392637.8243000004,3459.0,3217.388,1688536.1934
2021-12-18 15:10:00,524.9,526.5,524.5,526.3,3351.847,1761895.6822000004,3213.0,1759.9209999999996,925173.7948
2021-12-18 15:25:00,526.3,527.0,525.4,525.8,2661.3740000000003,1400380.8793,3181.0,1295.137,681538.6537
2021-12-18 15:40:00,525.9,526.8,525.1,525.8,2720.6459999999997,1430406.8097,2996.0,1426.4779999999998,749998.8015999999
2021-12-18 15:55:00,525.7,527.7,525.2,527.2,5228.468,2751819.4307000004,3917.0,2608.437,1373234.6244
2021-12-18 16:10:00,527.2,528.4,526.9,527.7,5772.370999999999,3046367.942,4000.0,3522.263,1858908.6597
2021-12-18 16:25:00,527.6,528.3,526.0,526.3,3803.048,2004474.4186,3735.0,1662.516,876253.5104
2021-12-18 16:40:00,526.3,527.2,524.8,525.9,5121.08,2692369.7631,4207.0,2132.1820000000002,1120957.2431
2021-12-18 16:55:00,525.9,528.0,525.4,528.0,5088.5070000000005,2681404.8609,3964.0,2738.733,1442968.7269
2021-12-18 17:10:00,528.0,528.8,527.5,527.6,4516.279,2385033.0184,4042.0,2444.161,1290820.2591999995
2021-12-18 17:25:00,527.7,528.3,527.0,527.8,3230.297,1704483.9627,3633.0,1800.757,950209.572
2021-12-18 17:40:00,527.9,530.7,527.8,530.6,7169.343000000002,3795570.2238,5678.0,3893.5409999999997,2061338.4207
2021-12-18 17:55:00,530.6,533.7,530.5,531.0,14075.018999999998,7489836.962,9553.0,7931.641,4220720.7173
2021-12-18 18:10:00,531.0,532.8,529.7,531.6,8932.866,4742371.4819,5446.0,5108.794,2712422.0802
2021-12-18 18:25:00,531.5,532.5,529.6,531.9,9359.489,4974341.621099999,5394.0,4148.375,2204679.5295
2021-12-18 18:40:00,532.0,535.0,531.4,534.0,13581.717,7249510.5447,7220.0,7805.741999999999,4166765.5459
2021-12-18 18:55:00,534.0,534.6,532.9,533.1,7075.189,3776081.6252000006,5473.0,3650.869,1948591.3247
2021-12-18 19:10:00,533.2,533.8,531.0,531.5,5724.691,3045563.2661,5279.0,2745.165,1460691.8932
2021-12-18 19:25:00,531.5,532.9,531.2,532.4,3973.57,2114414.8693,4016.0,2045.753,1088637.7173
2021-12-18 19:40:00,532.3,533.5,531.2,531.3,4068.5820000000003,2166120.7731,4640.0,1909.4620000000002,1016673.8624
2021-12-18 19:55:00,531.3,533.4,530.9,532.5,5028.9270000000015,2676421.0303,4415.0,2638.619,1404215.1656
2021-12-18 20:10:00,532.4,532.7,529.9,530.2,4792.168,2546502.8787,4579.0,2265.568,1204177.3082
2021-12-18 20:25:00,530.2,530.5,529.1,529.4,5455.3730000000005,2889134.7434,4809.0,2866.4970000000008,1518028.8349
2021-12-18 20:40:00,529.4,531.3,529.1,531.3,4256.6370000000015,2257441.0324,4110.0,2054.558,1089692.0789
2021-12-18 20:55:00,531.2,531.4,529.9,530.7,4470.236,2371944.8216,4175.0,2311.354,1226368.5401
2021-12-18 21:10:00,530.6,531.4,529.1,530.4,4915.542,2606871.4267,4244.0,2551.762,1353307.1276
2021-12-18 21:25:00,530.4,531.0,529.5,530.2,4674.528,2479488.7569,4213.0,2015.599,1069173.6061
2021-12-18 21:40:00,530.3,530.4,528.8,529.2,6493.236999999999,3437529.8455000008,4601.0,2939.5159999999996,1556183.2283
2021-12-18 21:55:00,529.3,529.9,527.4,529.2,6540.2620000000015,3458166.0068,5826.0,3389.7290000000007,1792605.5805
2021-12-18 22:10:00,529.2,531.8,529.1,530.4,5361.404,2844330.2131,4882.0,2744.673,1456103.6122
2021-12-18 22:25:00,530.3,531.2,529.8,531.2,3706.335,1966303.4102000003,4118.0,2077.465,1102184.5284000002
2021-12-18 22:40:00,531.2,532.6,531.0,532.1,5195.920999999999,2763776.6295,5043.0,2844.0679999999998,1512838.3856
2021-12-18 22:55:00,532.0,533.0,531.3,532.9,5890.96,3135074.0415000007,5169.0,3180.9309999999996,1693029.9405
2021-12-18 23:10:00,533.0,534.1,532.3,533.4,5633.977,3004880.603,4489.0,3524.159000000001,1879671.3195
2021-12-18 23:25:00,533.4,533.4,529.8,531.2,5578.518,2963938.4714,4934.0,2496.9610000000002,1326864.0013
2021-12-18 23:40:00,531.1,532.2,529.8,530.4,4742.231,2517698.306,4257.0,2225.673,1181702.6103
2021-12-18 23:55:00,530.4,531.0,529.3,529.9,5688.343000000001,3016113.3,4681.0,2450.79,1299651.7326
2021-12-19 00:10:00,530.0,531.8,529.9,531.3,5507.035,2924464.3807000006,4319.0,3068.8059999999996,1629564.4658
2021-12-19 00:25:00,531.2,531.8,529.8,530.8,4485.154,2380521.4899,4337.0,2260.312,1199709.7977
2021-12-19 00:40:00,530.8,534.1,530.7,533.1,10866.065,5791384.1857,6098.0,6002.047000000001,3198702.816
2021-12-19 00:55:00,533.1,533.1,531.4,531.6,4568.647999999999,2430703.5678,4106.0,2425.324,1290328.3983999998
2021-12-19 01:10:00,531.5,533.4,531.5,532.9,6313.444,3362619.4259,4664.0,3157.197,1681446.4028
2021-12-19 01:25:00,533.0,533.0,530.2,530.9,5801.405,3082685.9023,4407.0,2640.8769999999995,1403236.7097
2021-12-19 01:40:00,530.9,531.9,530.2,530.5,4681.786,2486483.0189,3912.0,2447.031,1299622.727
2021-12-19 01:55:00,530.5,532.1,530.3,532.0,3038.903,1614977.7557,3962.0,1508.727,801814.1597
2021-12-19 02:10:00,531.9,531.9,530.8,531.1,3021.7670000000007,1605599.7097999996,3560.0,1449.39,770165.2767
2021-12-19 02:25:00,531.1,531.7,530.8,531.5,3524.2740000000003,1872295.1743,3830.0,1845.099,980297.2386
2021-12-19 02:40:00,531.5,532.8,531.4,532.6,3976.13,2116188.142,4072.0,2170.091,1154925.5448
2021-12-19 02:55:00,532.6,533.0,530.3,530.6,7022.209,3735421.2186,5158.0,3848.085,2047425.3211
2021-12-19 03:10:00,530.6,534.0,530.2,533.1,6962.733,3703897.2315,5354.0,3476.522,1849201.1442
2021-12-19 03:25:00,533.1,535.0,532.7,534.6,7816.402999999998,4175464.513,4867.0,4600.692,2457751.4595
2021-12-19 03:40:00,534.5,536.7,534.1,535.0,8786.541,4705884.477700002,6516.0,4844.7620000000015,2594551.6276
2021-12-19 03:55:00,535.0,535.1,532.9,533.3,4101.218999999999,2189772.1528,4290.0,2145.016,1145249.8045
2021-12-19 04:10:00,533.3,534.2,532.6,533.6,3890.257,2075837.4394,3535.0,1937.256,1033756.5927
2021-12-19 04:25:00,533.7,534.0,532.6,533.4,2915.009,1555008.3760000004,3046.0,1466.485,782292.2247
2021-12-19 04:40:00,533.4,534.7,532.9,534.0,3450.136,1841628.2754,3458.0,2069.464,1104572.217
2021-12-19 04:55:00,534.1,536.0,533.8,535.1,5461.2609999999995,2920930.9392,4140.0,2748.083,1469742.8833
2021-12-19 05:10:00,535.2,535.3,534.2,534.8,4188.965,2240402.8541,3579.0,1926.6670000000001,1030467.6483
2021-12-19 05:25:00,534.8,536.0,534.2,535.8,2964.2209999999995,1586711.9907999998,2985.0,1777.037,951186.163
2021-12-19 05:40:00,535.7,536.4,535.3,536.1,2913.883,1561600.9192,3054.0,1463.986,784620.5691
2021-12-19 05:55:00,536.1,536.8,535.4,536.0,3509.322,1881216.2547,3166.0,2106.43,1129241.6821
2021-12-19 06:10:00,536.0,537.8,536.0,537.4,4214.787,2263946.367,4466.0,1973.375,1060004.15
2021-12-19 06:25:00,537.4,537.6,535.9,536.1,1992.707,1070113.9422,3072.0,1179.0639999999999,633280.0485
2021-12-19 06:40:00,536.1,536.4,535.4,535.9,2190.341,1174148.7036,2771.0,1075.139,576392.6714999999
2021-12-19 06:55:00,535.9,536.3,534.5,535.8,3967.722,2124014.2207,3995.0,2026.836,1085072.2566
2021-12-19 07:10:00,535.9,536.4,533.7,535.1,4082.504,2184706.3783,3263.0,2110.916,1129474.2612
2021-12-19 07:25:00,535.1,536.5,534.9,535.3,3035.3630000000007,1625945.888,2916.0,1452.339,778004.4376999999
2021-12-19 07:40:00,535.3,536.0,534.3,534.3,3492.183,1869313.1418,2856.0,1979.1229999999998,1059444.5896
2021-12-19 07:55:00,534.4,535.4,533.3,533.6,7897.920999999999,4218557.9257,3929.0,3544.7740000000003,1893328.7833
2021-12-19 08:10:00,533.6,534.6,532.9,533.7,4313.988,2302713.7604,3309.0,2028.408,1082724.4248000002
2021-12-19 08:25:00,533.7,533.8,532.0,533.0,3500.138,1865151.7162,3445.0,1813.618,966366.6339
2021-12-19 08:40:00,532.9,533.3,531.7,532.7,4881.267,2598893.8097,3829.0,2286.181,1217300.925
2021-12-19 08:55:00,532.7,533.9,531.9,533.9,7246.8769999999995,3861368.769,4084.0,4672.379000000001,2489377.289
2021-12-19 09:10:00,533.8,534.9,530.9,531.6,6421.656999999999,3425975.766800001,4158.0,2411.51,1286193.8204
2021-12-19 09:25:00,531.6,531.9,529.0,530.6,8023.57,4254088.316000001,5199.0,3261.703,1729534.2439
2021-12-19 09:40:00,530.7,531.2,530.0,530.3,3163.306,1678476.4162,2440.0,1360.8120000000001,722098.7461
2021-12-19 09:55:00,530.4,531.5,529.7,531.3,4089.008,2170106.1582,3096.0,2030.489,1077760.5697
2021-12-19 10:10:00,531.4,532.0,530.2,531.7,2470.698000000001,1312216.7566,2542.0,1333.075,708034.949
2021-12-19 10:25:00,531.7,532.5,530.9,532.4,3662.653,1947326.0138,2846.0,1791.6129999999996,952515.1288
2021-12-19 10:40:00,532.5,533.1,531.8,532.8,6632.099,3531648.1908,3428.0,3976.849,2117712.6999
2021-12-19 10:55:00,532.9,535.4,532.7,534.6,9222.675,4928118.4408,5016.0,4291.37,2293153.2013
2021-12-19 11:10:00,534.5,539.6,534.4,539.1,15389.371000000001,8269453.2967,7760.0,8880.702,4772492.1313000005
2021-12-19 11:25:00,539.1,544.4,538.6,541.9,27129.185,14693705.383,17374.0,14409.702,7804301.8161
2021-12-19 11:40:00,542.0,542.6,539.2,539.7,10088.184000000001,5454980.7917,5162.0,4442.6759999999995,2402180.2847
2021-12-19 11:55:00,539.6,541.8,538.8,540.9,6568.4259999999995,3551920.3306,4359.0,3687.5290000000005,1994237.4902
2021-12-19 12:10:00,540.9,541.7,540.0,540.5,6329.075000000002,3422581.665,3412.0,2814.5240000000003,1522069.5835
2021-12-19 12:25:00,540.5,542.2,540.2,542.1,5513.214,2983158.1228,3379.0,2786.7,1507923.7542
2021-12-19 12:40:00,542.1,542.6,540.9,541.8,5188.938,2810280.7735,3418.0,2794.618,1513550.4087
2021-12-19 12:55:00,541.8,542.0,540.4,540.6,4730.397,2560101.2308,3349.0,2426.77,1313552.337
2021-12-19 13:10:00,540.6,542.4,540.5,541.4,4484.824000000001,2428560.936,3049.0,2655.441,1437855.8746000002
2021-12-19 13:25:00,541.4,541.5,538.2,538.8,5782.3809999999985,3119466.2187,3470.0,2460.474,1327397.5424000002
2021-12-19 13:40:00,538.9,539.4,537.5,538.1,3483.4190000000003,1875857.32,3192.0,1706.5439999999999,919102.9979
2021-12-19 13:55:00,538.2,539.0,537.8,538.5,3581.0550000000007,1928054.2413,3255.0,1963.814,1057464.0003
2021-12-19 14:10:00,538.5,540.0,538.3,539.9,4331.545,2335636.641,3167.0,2704.9109999999996,1458564.4346
2021-12-19 14:25:00,539.8,540.0,538.1,538.6,4085.147,2202505.135,3085.0,2045.844,1103133.5238
2021-12-19 14:40:00,538.5,539.4,538.3,538.6,2717.3459999999995,1464447.2853,2774.0,1532.274,825803.3894
2021-12-19 14:55:00,538.7,539.4,538.0,539.1,3169.603,1707654.5116,3174.0,1751.513,943715.7623
2021-12-19 15:10:00,539.2,539.8,538.5,538.7,4163.054,2244157.3373,3185.0,1963.527,1058457.8646
2021-12-19 15:25:00,538.8,540.5,538.6,540.1,6276.766,3386513.0643,3758.0,3816.3170000000014,2058825.032
2021-12-19 15:40:00,540.2,540.5,538.2,538.8,3672.937,1981949.9327,3445.0,1580.8120000000001,853324.8425
2021-12-19 15:55:00,538.8,540.1,538.1,539.7,4672.987,2519377.17,3573.0,2650.7329999999997,1429209.2223
2021-12-19 16:10:00,539.7,540.3,539.3,539.6,3654.323,1972528.5917,3121.0,1940.783,1047616.3934
2021-12-19 16:25:00,539.6,540.0,538.2,539.8,4011.594,2162541.8704000004,3546.0,1991.9590000000005,1073966.9126
2021-12-19 16:40:00,539.8,540.0,539.1,539.4,3001.306,1619431.3815,3263.0,1550.761,836801.7264
2021-12-19 16:55:00,539.4,540.0,537.9,537.9,5466.195,2948394.8257,4071.0,2690.875,1451539.4848000002
2021-12-19 17:10:00,537.9,539.0,536.4,538.3,8097.919,4355125.8459,5504.0,3524.7709999999997,1895302.9728
2021-12-19 17:25:00,538.3,539.1,537.8,538.6,5231.973,2817308.2911,3685.0,2515.2490000000007,1354403.4815999998
2021-12-19 17:40:00,538.6,538.9,536.9,538.1,6530.473000000001,3513599.2452,4015.0,3215.2929999999997,1730174.4562999997
2021-12-19 17:55:00,538.1,538.5,534.7,534.9,7658.974,4107791.2224,5385.0,3308.554,1773809.1786
2021-12-19 18:10:00,535.0,535.8,533.2,535.0,8286.141,4428090.0915,5696.0,3776.369,2017969.5648
2021-12-19 18:25:00,535.0,536.5,534.5,536.1,6297.227,3373810.4776,4093.0,3771.143,2020433.156
2021-12-19 18:40:00,536.1,536.8,534.9,535.0,4598.439,2465117.6481,3457.0,2340.548,1254837.2572
2021-12-19 18:55:00,535.0,535.8,532.9,534.0,7252.624,3874205.9882,4538.0,4074.236,2176709.3191
2021-12-19 19:10:00,534.0,534.8,532.8,534.2,3751.8709999999996,2003456.9124,3382.0,2144.966,1145428.777
2021-12-19 19:25:00,534.3,534.7,532.9,534.7,3773.43,2014276.5107,3215.0,1874.3220000000001,1000530.6668
2021-12-19 19:40:00,534.7,535.8,534.1,535.5,3184.1220000000008,1703353.3603,3430.0,1548.781,828560.1836000001
2021-12-19 19:55:00,535.5,535.6,532.8,532.9,5581.450999999999,2980875.6689,4358.0,2634.7009999999996,1407059.3115
2021-12-19 20:10:00,532.9,533.5,531.2,532.9,5758.177,3065717.7708,4901.0,2801.869,1491797.9859999998
2021-12-19 20:25:00,532.9,533.8,532.4,533.3,3197.98,1704973.7448,3545.0,1679.0710000000001,895260.4321
2021-12-19 20:40:00,533.3,534.8,533.0,534.5,4150.547000000001,2216452.8835,3569.0,2354.489,1257330.7204999998
2021-12-19 20:55:00,534.6,535.9,533.6,535.5,5715.621000000001,3056176.837500001,4334.0,3006.002,1607374.8677
2021-12-19 21:10:00,535.5,536.0,533.8,534.0,4338.096,2321578.6089,3549.0,2048.4970000000003,1096512.5083
2021-12-19 21:25:00,534.1,534.8,531.4,531.7,5384.331,2868509.1036,4776.0,2676.4970000000008,1426252.1546999996
2021-12-19 21:40:00,531.7,533.4,531.0,533.2,5690.351,3028343.1233,4433.0,2806.6040000000003,1493881.7881
2021-12-19 21:55:00,533.3,541.0,533.2,539.5,26821.509,14435786.5586,12600.0,14995.462,8070765.3562
2021-12-19 22:10:00,539.5,539.6,532.2,533.5,20516.01,10968939.5962,9796.0,10470.12,5596769.0484
2021-12-19 22:25:00,533.5,536.8,532.3,535.2,10172.491,5437215.0669,5735.0,5132.969,2743297.1727
2021-12-19 22:40:00,535.2,536.2,533.4,534.8,6235.206999999999,3335101.3517000005,4321.0,2847.3909999999996,1522795.6656
2021-12-19 22:55:00,534.9,535.4,532.8,533.9,6007.96,3209303.7543,4176.0,2878.7059999999997,1537870.1605
2021-12-19 23:10:00,533.9,533.9,532.2,533.8,4921.644,2623193.2483,3958.0,2589.689,1380204.5273
2021-12-19 23:25:00,533.8,534.4,533.2,533.4,3088.337,1649012.5451,3373.0,1467.2670000000005,783506.9743
2021-12-19 23:40:00,533.4,534.2,533.0,534.0,2616.871,1396347.7004000002,3079.0,1405.714,750107.0316999998
2021-12-19 23:55:00,533.9,534.4,533.0,534.4,3525.26,1881197.4919,3634.0,1743.46,930514.6903
2021-12-20 00:10:00,534.3,536.5,534.2,535.1,6996.236,3745163.6034,4849.0,3462.166,1853443.7880000002
2021-12-20 00:25:00,535.1,536.0,534.2,534.6,3575.7940000000003,1913128.4669,3783.0,1864.994,997902.6201
2021-12-20 00:40:00,534.7,534.7,533.4,533.5,3173.968,1695136.6282,3386.0,1480.5390000000002,790801.9712
2021-12-20 00:55:00,533.6,533.9,532.0,533.3,4505.758,2401612.9167,4459.0,1898.9229999999998,1012110.2396
2021-12-20 01:10:00,533.2,534.1,532.7,532.8,2850.048,1520133.6854,3080.0,1498.1750000000004,799131.4193
2021-12-20 01:25:00,532.9,533.4,532.1,533.0,3526.698,1878934.985,3460.0,1572.878,837989.8691
2021-12-20 01:40:00,532.9,533.3,531.5,532.5,5216.616,2776282.9762,3360.0,2672.389,1421972.5380999998
2021-12-20 01:55:00,532.5,533.2,531.5,531.8,4080.755,2172110.7167,3799.0,1722.9900000000002,917145.2626
2021-12-20 02:10:00,531.8,531.9,530.0,531.3,5254.5549999999985,2789123.7284,5128.0,2129.501,1130247.5851
2021-12-20 02:25:00,531.3,531.8,530.4,531.3,3257.378,1730175.9854,3512.0,1404.355,745876.1588000002
2021-12-20 02:40:00,531.2,532.5,530.8,531.8,4412.088,2345947.7367,3696.0,2362.792000000001,1256273.4799000002
2021-12-20 02:55:00,531.9,532.4,531.3,531.8,3582.053,1905087.9024,3282.0,1705.456,907058.0567
2021-12-20 03:10:00,531.8,532.0,527.3,528.6,9468.546,5012974.2395,6727.0,3940.933,2086234.9626
2021-12-20 03:25:00,528.7,529.6,527.1,529.5,5425.33,2866192.7862,4739.0,2519.862,1331155.59
2021-12-20 03:40:00,529.5,529.7,528.0,528.9,4475.948,2366994.2813,3727.0,1926.281,1018760.9588
2021-12-20 03:55:00,529.0,529.5,527.4,529.3,4940.406999999998,2611407.3578000003,4167.0,2535.097,1340072.6335
2021-12-20 04:10:00,529.2,530.3,528.7,529.8,4956.701,2625309.8408,4391.0,2321.468,1229570.5108
2021-12-20 04:25:00,529.8,530.4,529.1,530.2,2570.9500000000007,1362122.6562,3391.0,1332.7759999999996,706115.8832
2021-12-20 04:40:00,530.1,530.7,529.6,530.6,3438.775,1823247.1335,3320.0,1737.369,921175.9795
2021-12-20 04:55:00,530.6,530.6,529.2,529.9,3309.6240000000007,1753521.7424,3690.0,1571.888,832877.9674
2021-12-20 05:10:00,529.9,530.7,529.3,530.4,2892.382,1533315.3114,3217.0,1442.5710000000001,764759.5937
2021-12-20 05:25:00,530.4,530.8,529.5,529.8,3019.925,1601321.5703,3115.0,1614.8870000000004,856334.1665999999
2021-12-20 05:40:00,529.8,530.5,528.6,528.6,2263.442,1198830.3246,3056.0,1050.632,556486.6882
2021-12-20 05:55:00,528.6,531.4,527.9,531.0,4384.073,2321609.7414,4124.0,2269.359,1201741.8419
2021-12-20 06:10:00,530.9,532.3,530.2,530.3,4816.4299999999985,2558725.8304,4346.0,2943.231,1563416.3909
2021-12-20 06:25:00,530.4,531.7,530.2,531.4,4290.379,2277588.6354,3543.0,2759.732,1464987.9050000003
2021-12-20 06:40:00,531.3,533.5,531.0,533.3,3964.337,2110736.7815,3431.0,1932.4990000000007,1029008.0388
2021-12-20 06:55:00,533.4,534.5,532.4,532.8,5591.45,2983002.1757,4610.0,2815.7300000000005,1502278.0604
2021-12-20 07:10:00,532.9,533.5,531.2,531.4,3377.327,1798710.679,3048.0,1608.5510000000002,856722.1636999998
2021-12-20 07:25:00,531.3,532.2,530.3,531.1,3309.0190000000002,1758032.2352,2814.0,1796.21,954381.1257
2021-12-20 07:40:00,531.1,532.9,529.5,529.7,6483.754999999999,3443475.7131000008,3979.0,2815.353,1495552.3509
2021-12-20 07:55:00,529.7,530.0,527.1,529.5,7444.461000000001,3934796.207,5201.0,3566.534,1885146.0402
2021-12-20 08:10:00,529.5,530.4,525.3,527.1,11117.036,5859571.6784999985,7014.0,5232.438,2758438.7609
2021-12-20 08:25:00,527.1,529.0,526.9,528.8,7743.8769999999995,4089645.6099,3821.0,4553.825000000002,2404763.5892000003
2021-12-20 08:40:00,528.8,530.5,528.7,530.4,4111.219,2177376.2597,3221.0,2163.8179999999998,1146077.0732
2021-12-20 08:55:00,530.3,534.2,530.3,533.5,10970.925,5840010.732700001,5345.0,5464.976,2909136.4361000005
2021-12-20 09:10:00,533.5,534.8,531.4,531.8,6050.620000000001,3226979.9774,4474.0,3152.112,1681445.4536
2021-12-20 09:25:00,531.8,532.8,528.5,528.8,7301.111000000001,3872158.1784,4301.0,3595.085,1906459.3328
2021-12-20 09:40:00,528.7,530.0,527.8,529.6,5006.355000000001,2646889.6845,3551.0,2487.975000000001,1315323.7359
2021-12-20 09:55:00,529.7,530.5,525.8,526.6,10187.425,5381075.9087000005,5805.0,4736.901,2502850.3208
2021-12-20 10:10:00,526.5,527.7,526.0,527.2,9555.159,5033779.1235,4793.0,4416.932,2327180.1366
2021-12-20 10:25:00,527.2,528.3,525.6,527.8,7514.829000000001,3961495.0251,4568.0,3482.079,1835881.4707
2021-12-20 10:40:00,527.7,527.9,525.9,526.4,3496.2729999999997,1842062.6801,3224.0,1790.168,943120.9581
2021-12-20 10:55:00,526.4,528.2,525.9,527.5,3604.0560000000014,1899875.6371,3145.0,1858.352,979575.4195
2021-12-20 11:10:00,527.5,527.8,525.2,525.7,4182.763,2200584.3582999995,3344.0,2034.411,1070334.2848
2021-12-20 11:25:00,525.6,527.0,525.2,525.7,5057.1010000000015,2659000.5535,3448.0,2482.752,1305559.4599
2021-12-20 11:40:00,525.6,527.8,525.6,527.5,5310.696,2799017.2838,3361.0,2911.255,1534626.1727
2021-12-20 11:55:00,527.5,528.2,526.6,527.1,5277.161,2783050.6743,3602.0,2696.548,1422094.5028
2021-12-20 12:10:00,527.2,528.2,525.8,526.2,5057.942999999998,2667203.4504,3654.0,2419.4410000000007,1275838.6828
2021-12-20 12:25:00,526.2,527.7,526.2,526.2,3177.629000000001,1674268.8248,2819.0,1467.7709999999993,773367.9993
2021-12-20 12:40:00,526.3,528.3,526.2,527.9,4312.798000000002,2274515.3364,2869.0,2248.9010000000007,1186117.3647
2021-12-20 12:55:00,528.0,528.6,527.1,527.8,4677.611,2469978.8301,3143.0,2401.353,1267985.8615
2021-12-20 13:10:00,527.7,528.2,526.0,526.6,2852.363,1503528.8993,2784.0,1465.5770000000002,772590.5582999998
2021-12-20 13:25:00,526.5,526.6,524.2,524.4,6887.651999999999,3617535.1812,5095.0,3107.268,1632152.8034
2021-12-20 13:40:00,524.3,524.5,521.3,522.1,10564.372,5522303.789100002,7650.0,4541.996,2373794.2446
2021-12-20 13:55:00,522.1,522.8,519.2,521.8,14474.203,7538558.8282,10132.0,5813.200000000002,3028580.3057
2021-12-20 14:10:00,521.8,522.8,520.8,521.0,5066.482,2643502.3457,3955.0,2304.319,1202406.9503
2021-12-20 14:25:00,521.0,521.0,518.6,520.5,7973.933999999998,4145356.8408,5514.0,4221.014,2194361.6581
2021-12-20 14:40:00,520.6,522.0,519.2,521.6,5779.1950000000015,3010686.0911,4032.0,2761.178,1438362.583
2021-12-20 14:55:00,521.6,522.0,518.1,518.2,8016.906,4168103.5317,4876.0,3835.4440000000004,1994183.0132
2021-12-20 15:10:00,518.2,520.5,517.8,520.4,10107.075,5244911.2598,5835.0,4456.3899999999985,2312919.2386
2021-12-20 15:25:00,520.5,521.3,519.2,520.6,5751.286,2992887.5808,4394.0,2321.448000000001,1208194.5746
2021-12-20 15:40:00,520.7,522.2,520.5,520.6,5852.736,3051137.4452,4141.0,2574.257,1341956.3135
2021-12-20 15:55:00,520.7,521.5,518.9,520.4,5128.002,2668057.2058,4507.0,2684.327,1396661.7283
2021-12-20 16:10:00,520.3,521.9,520.3,520.8,4536.532,2364075.0147,3428.0,1748.914,911452.5714
2021-12-20 16:25:00,520.7,521.8,519.2,519.2,4290.205,2233230.5265999995,3620.0,2078.339,1082079.9257
2021-12-20 16:40:00,519.2,520.0,518.0,519.5,5537.508000000001,2873553.626,4554.0,2838.82,1473266.6178
2021-12-20 16:55:00,519.5,520.2,515.0,515.6,12714.931,6575207.9802,8242.0,5227.516,2703925.4382
2021-12-20 17:10:00,515.6,516.1,512.9,514.0,21315.112999999998,10957898.2486,10928.0,8717.492999999999,4481289.8137
2021-12-20 17:25:00,514.0,514.5,511.6,513.2,10328.799,5295859.7022,7136.0,4953.708000000001,2540003.0836
2021-12-20 17:40:00,513.1,513.5,511.3,511.8,8546.304,4378015.9935,5568.0,3598.498,1843631.8106
2021-12-20 17:55:00,511.9,513.7,510.4,513.4,12345.793,6321640.065,7794.0,5320.504000000001,2724562.7474
2021-12-20 18:10:00,513.4,515.7,513.4,514.3,8260.398000000001,4250888.9387,6154.0,4595.735,2365011.6584
2021-12-20 18:25:00,514.2,514.9,513.4,514.5,4836.721,2487253.0775,4164.0,2213.861,1138548.4018
2021-12-20 18:40:00,514.4,514.7,513.1,513.5,5771.8769999999995,2966235.0,4221.0,2540.4500000000007,1305675.3904
2021-12-20 18:55:00,513.6,514.0,512.3,513.6,5677.337,2912766.9783,4354.0,3235.3280000000004,1659851.6479
2021-12-20 19:10:00,513.6,515.2,513.4,514.5,8441.891,4343717.0106,4717.0,5118.375,2633631.9333
2021-12-20 19:25:00,514.5,514.9,514.0,514.4,6030.729,3102935.3912000004,3584.0,3306.388,1701229.17
2021-12-20 19:40:00,514.4,514.8,513.4,514.7,4283.734,2202827.0328,3739.0,2308.371,1187088.3948
2021-12-20 19:55:00,514.7,515.1,513.0,513.7,4539.170999999999,2334510.7037,4131.0,2194.437,1128617.1182
2021-12-20 20:10:00,513.7,513.9,511.4,512.0,5213.212,2672620.3597,4729.0,2298.9390000000008,1178542.03
2021-12-20 20:25:00,512.0,512.8,510.5,512.6,7580.42,3878178.8732,6008.0,3198.5490000000004,1636506.5272
2021-12-20 20:40:00,512.7,512.9,510.4,510.9,9722.846,4975004.4295000015,5341.0,4793.959,2452380.3616
2021-12-20 20:55:00,510.8,511.5,508.0,510.5,12724.45,6484508.504799998,9553.0,5073.632000000001,2585564.7055
2021-12-20 21:10:00,510.4,513.0,510.0,512.1,9987.444,5108022.1989,6135.0,4118.729,2107011.1405
2021-12-20 21:25:00,512.0,512.5,510.7,512.2,5532.459,2830912.3003,4877.0,3014.929,1542781.256
2021-12-20 21:40:00,512.3,512.6,510.0,511.1,6009.036999999999,3072692.135,4657.0,2451.916,1253801.513
2021-12-20 21:55:00,511.1,511.4,508.4,508.5,6425.74,3276217.5268,5604.0,2960.143,1509185.0103000002
2021-12-20 22:10:00,508.4,509.9,506.2,507.7,14193.641000000001,7211077.7588,9367.0,6709.741,3409173.2713
2021-12-20 22:25:00,507.7,511.6,505.6,511.4,15355.907,7804299.7895,8776.0,7738.689,3934059.01
2021-12-20 22:40:00,511.4,515.2,509.0,512.4,22929.799000000006,11744361.6719,10643.0,11740.452,6013543.7496
2021-12-20 22:55:00,512.3,516.6,512.1,513.3,15889.928999999998,8177751.0863999985,8865.0,8584.476,4418366.8402
2021-12-20 23:10:00,513.2,515.8,513.1,515.4,10619.761999999999,5465006.400599998,6629.0,5591.659000000001,2877562.795300001
2021-12-20 23:25:00,515.4,515.6,513.3,513.6,6331.602,3257657.6028,5123.0,3253.857,1674287.2366
2021-12-20 23:40:00,513.7,514.4,511.3,511.7,5588.2480000000005,2867473.1403,4993.0,2639.524000000001,1354445.8471
2021-12-20 23:55:00,511.7,512.1,510.8,512.0,6459.144,3303643.5008,5176.0,3095.514,1583377.0592999996
2021-12-21 00:10:00,512.1,514.1,511.8,513.5,7189.722,3688770.8279,5089.0,3723.002,1910193.4764
2021-12-21 00:25:00,513.5,514.0,512.3,513.8,5503.847,2824916.9698,4390.0,2810.753,1442728.5194
2021-12-21 00:40:00,513.9,516.2,513.0,515.8,9778.312999999998,5031374.6503,6102.0,4554.467000000001,2343582.6029000003
2021-12-21 00:55:00,515.7,515.9,514.4,515.6,6413.63,3304619.0902000004,5103.0,3320.5190000000002,1711049.3328
2021-12-21 01:10:00,515.5,517.2,514.7,516.8,7982.465999999999,4119692.9159,5704.0,4442.46,2292887.1937
2021-12-21 01:25:00,516.8,517.1,514.0,515.7,6738.474,3473451.38,5017.0,3475.106,1791512.5359
2021-12-21 01:40:00,515.8,516.2,514.5,515.8,4951.6759999999995,2551920.0379,4399.0,2312.281,1191689.1447
2021-12-21 01:55:00,515.8,515.9,513.5,514.2,6342.7080000000005,3262891.2035,5236.0,3099.236,1594536.1524
2021-12-21 02:10:00,514.2,515.6,514.0,515.1,5306.174,2731517.8413,5102.0,2641.515,1359833.6433
2021-12-21 02:25:00,515.1,515.6,513.9,515.3,5881.769,3027941.2826,5084.0,2821.3309999999997,1452376.8821
2021-12-21 02:40:00,515.3,517.0,515.1,516.5,7232.563,3734044.7375,5026.0,3741.28,1931369.7088
2021-12-21 02:55:00,516.5,517.5,515.7,517.2,5842.986999999999,3019085.2085,4886.0,3303.986,1707096.7201
2021-12-21 03:10:00,517.2,518.4,516.8,517.9,12998.274,6728231.8504,6937.0,7055.994000000001,3652434.9489999996
2021-12-21 03:25:00,517.9,518.1,516.7,517.2,6067.305,3139440.8927,5471.0,3214.108,1663113.0903
2021-12-21 03:40:00,517.1,519.2,516.5,519.2,5759.031999999998,2983294.7815,5642.0,2922.007,1513733.4677
2021-12-21 03:55:00,519.2,520.3,518.1,520.2,10469.419000000002,5439703.4469,6587.0,6322.909000000001,3285743.9094
2021-12-21 04:10:00,520.1,521.5,520.0,520.2,8876.81,4622516.5415,6761.0,4044.969,2106691.9141
2021-12-21 04:25:00,520.3,520.9,518.8,519.9,5156.818,2680168.4983,5350.0,2842.033,1477192.2776
2021-12-21 04:40:00,519.9,524.4,519.7,524.0,10288.276,5375829.779999998,7551.0,5578.49,2914688.1279
2021-12-21 04:55:00,523.9,527.3,523.9,526.8,15138.649,7956244.3613,9101.0,8099.533,4256936.8101
2021-12-21 05:10:00,526.9,527.5,524.4,525.1,11198.986,5890238.7931,7188.0,6315.763999999999,3322035.0287
2021-12-21 05:25:00,525.2,526.0,523.6,524.0,5329.371,2796552.2145,4667.0,2586.708,1357516.7886
2021-12-21 05:40:00,524.1,524.7,522.7,522.7,5544.559,2904233.7493000007,4168.0,2528.828,1324576.5115
2021-12-21 05:55:00,522.8,524.5,522.0,524.2,6879.848000000001,3601431.0758,4994.0,3109.3790000000004,1627843.6409
2021-12-21 06:10:00,524.1,524.9,522.1,522.7,5163.369000000001,2703674.3127,4432.0,2219.6420000000003,1162084.2017
2021-12-21 06:25:00,522.6,522.9,520.8,522.8,4234.12,2210108.1952,4346.0,1997.516,1042729.3124
2021-12-21 06:40:00,522.7,523.3,521.7,522.6,2966.967,1550630.0502,2914.0,1434.081,749507.5306
2021-12-21 06:55:00,522.6,523.1,521.2,522.9,5496.853999999998,2870807.0821,3812.0,2890.408,1509615.0969999998
2021-12-21 07:10:00,523.0,524.1,522.1,523.2,6122.068,3203344.2358,3906.0,2903.205,1519142.6976
2021-12-21 07:25:00,523.2,525.4,523.2,524.9,7639.653,4007973.6024,4333.0,4168.773,2186783.3538
2021-12-21 07:40:00,524.9,525.7,523.1,523.3,5123.947,2687841.1546,3302.0,2616.339,1372645.3736
2021-12-21 07:55:00,523.4,526.4,523.1,526.2,9793.769,5143803.824,5572.0,5468.981,2872462.1593
2021-12-21 08:10:00,526.1,526.3,509.8,523.4,19222.292,10029616.8793,11207.0,6609.333000000001,3456885.4559
2021-12-21 08:25:00,523.5,523.9,520.7,520.9,6552.1100000000015,3422041.7852,4014.0,3376.527,1763557.9507
2021-12-21 08:40:00,520.9,521.7,519.9,520.1,5697.779,2967486.2274,3834.0,2663.397,1387138.5671
2021-12-21 08:55:00,520.1,520.8,519.3,519.7,5851.383,3042756.5919999997,3689.0,2990.0860000000002,1554904.7944
